package,module,bytes,lines,blank,comment,imports,unittests,structs,classes,enums,templates,@safe,@nogc,asserts,todos
base,allowlist.d,3434,90,9,18,6,0,1,0,0,0,0,0,0,0
base,analysis.d,26393,771,71,47,3,6,7,0,14,0,35,35,28,0
base,ansi.d,18366,513,55,73,4,11,4,0,1,0,28,29,23,0
base,app.d,8740,228,24,26,22,0,1,0,2,1,0,0,0,0
base,base_codecs.d,44014,1211,138,144,33,28,5,1,27,5,33,24,122,0
base,case_style.d,13247,332,44,20,8,6,1,0,6,1,6,3,36,0
base,config.d,2089,51,10,27,0,0,1,0,2,0,0,0,0,0
base,corpus.d,1955,64,5,9,6,0,0,0,0,0,0,0,0,0
base,cstring.d,16656,462,61,72,5,16,1,0,0,2,19,15,41,0
base,enums.d,15278,400,57,45,6,12,0,0,41,5,12,12,35,0
base,errors.d,4947,121,15,26,1,3,2,0,1,2,8,10,9,0
base,float_conv.d,68612,1983,184,211,10,12,4,0,13,4,31,46,84,0
base,grapheme.d,6320,180,18,33,6,3,3,0,1,0,3,8,13,0
base,html.d,2558,79,10,7,4,3,0,0,0,1,4,5,0,0
base,hw_caps.d,25048,722,81,84,12,8,3,1,6,0,14,31,38,0
base,layer0_segmentation.d,3509,121,16,21,13,0,1,0,0,0,2,0,0,0
base,layer10_python_wcwidth.d,5849,163,16,26,16,0,0,1,0,0,1,0,0,0
base,layer1_width.d,2181,72,11,10,7,0,0,1,0,0,1,0,0,0
base,layer2_emoji.d,3293,98,15,17,12,0,0,0,0,0,0,0,0,0
base,layer3_kitty.d,4264,118,12,16,17,0,0,0,1,0,0,0,0,0
base,layer4_ghostty.d,4739,120,14,31,12,1,0,1,0,0,1,0,0,0
base,layer5_utf8proc.d,5160,123,14,33,9,1,0,4,0,0,1,0,0,0
base,layer6_utf8proc_seg.d,2725,84,10,14,12,0,0,0,0,0,0,0,0,0
base,layer7_icu_seg.d,2446,80,11,12,12,0,0,0,0,0,0,0,0,0
base,layer8_notcurses.d,3401,98,11,16,13,0,0,0,0,0,1,0,0,0
base,layer9_rust_uwidth.d,4821,136,15,19,16,0,0,1,1,0,1,0,0,0
base,lifetime.d,17284,593,88,115,1,17,15,14,2,1,11,47,68,0
base,lineindex.d,6977,201,22,40,1,7,3,0,0,0,16,8,29,0
base,logger.d,27681,1029,141,72,35,7,5,5,2,4,62,55,24,0
base,oracle.d,5489,119,13,27,2,2,0,0,4,0,7,3,13,0
base,package.d,641,19,2,2,11,0,0,0,0,0,0,0,0,0
base,package.d,572,12,1,9,2,0,0,0,0,0,0,0,0,0
base,package.d,309,6,1,3,1,0,0,0,0,0,0,0,0,0
base,package.d,724,14,1,11,3,0,0,0,0,0,0,0,0,0
base,package.d,1689,43,4,2,20,0,0,0,1,0,0,0,0,0
base,percent.d,23642,649,85,87,17,14,4,1,9,10,23,15,48,0
base,prettyprint.d,25543,873,114,50,37,24,13,2,22,1,14,10,1,0
base,readers.d,13606,455,62,50,9,16,0,0,11,1,5,6,67,0
base,report.d,3146,97,10,14,6,0,3,0,0,1,0,0,0,0
base,scan.d,8538,284,19,27,2,4,0,0,3,0,8,9,8,0
base,smallbuffer.d,85081,2437,302,446,30,62,13,0,3,0,81,69,286,0
base,source_uri.d,16274,424,53,63,21,9,4,0,11,2,26,2,20,0
base,span.d,6085,173,26,31,1,4,2,0,1,0,9,9,26,0
base,styled_template.d,57296,1557,155,335,13,70,2,0,3,3,83,25,148,0
base,subprocess.d,1905,55,6,12,9,0,0,0,0,0,0,0,0,0
base,term_caps.d,12140,316,34,55,15,3,2,0,4,0,7,11,7,1
base,term_color.d,28674,749,88,105,15,12,2,0,4,0,9,25,61,0
base,term_control.d,10700,312,40,44,8,4,0,0,7,0,4,5,18,0
base,term_style.d,33528,870,100,162,10,12,6,0,25,2,14,11,67,0
base,ucd.d,6477,157,18,33,12,0,1,0,1,0,0,0,0,0
base,unicode_tables.d,994888,21843,34,6,0,0,5,0,1,0,18,18,0,0
base,unique.d,31434,824,118,116,11,13,20,13,13,5,31,13,54,0
base,utf.d,2856,86,7,8,0,1,0,0,0,0,3,4,4,0
base,utf16.d,10561,330,42,16,4,5,1,0,1,0,1,1,28,0
base,utf8.d,11215,312,24,30,3,6,1,0,1,0,8,8,17,0
base,util.d,2456,62,8,17,7,0,0,1,0,0,5,1,0,0
base,width.d,16158,420,56,86,18,13,0,0,7,0,21,18,46,0
base,wrap.d,29671,835,86,143,16,20,6,0,4,0,23,10,39,0
base,writers.d,55704,1821,258,204,97,53,13,0,62,14,59,95,81,0
build-primitives,dir_walk.d,14349,473,86,40,37,5,5,0,4,0,15,1,5,0
build-primitives,gitignore.d,15516,540,87,47,5,8,5,0,1,0,9,0,31,0
build-primitives,glob_walk.d,5978,160,19,22,8,2,1,0,0,0,8,1,10,0
build-primitives,package.d,458,20,1,0,2,0,0,0,0,0,0,0,0,0
code-instrumentation,dmd.d,9320,277,37,24,6,7,0,0,3,0,10,0,34,0
code-instrumentation,gcov.d,8477,255,32,16,5,3,0,0,4,0,7,1,18,0
code-instrumentation,ingest.d,11639,321,40,31,13,5,0,0,2,0,14,2,23,0
code-instrumentation,lcov.d,14359,391,43,43,3,7,2,0,3,0,9,0,40,0
code-instrumentation,llvm.d,9836,299,40,25,4,4,0,0,3,0,9,0,22,0
code-instrumentation,model.d,9818,275,38,45,2,3,6,0,1,0,10,10,12,0
code-instrumentation,overlay.d,7482,218,26,22,4,3,3,0,1,0,5,0,16,0
code-instrumentation,package.d,972,20,2,12,4,0,0,0,0,0,0,0,0,0
code-instrumentation,record.d,11354,329,51,39,4,5,2,1,0,0,7,6,39,0
code-instrumentation,v8.d,13901,394,48,40,7,6,4,0,11,0,11,2,24,0
core-cli,common_dirs.d,8771,209,24,85,5,6,0,0,0,0,12,0,7,0
core-cli,error.d,1013,42,9,7,2,0,1,0,1,0,1,1,0,0
core-cli,help_formatting.d,6730,192,25,28,12,8,1,0,2,0,3,0,11,0
core-cli,help_formatting.d,18838,543,60,50,16,0,1,0,47,7,9,1,0,0
core-cli,internal.d,68926,2430,273,207,23,42,82,0,28,9,22,2,184,0
core-cli,key_input.d,9920,266,37,39,11,3,1,0,3,0,7,14,12,0
core-cli,package.d,791,41,5,0,5,0,0,0,0,0,0,0,0,0
core-cli,process_utils.d,60512,1884,211,199,85,19,11,2,8,0,31,15,66,0
core-cli,prompts.d,15665,454,55,46,17,12,3,0,2,0,0,0,24,0
core-cli,term_unstyle.d,3559,122,21,14,7,7,0,0,0,0,7,1,8,0
core-cli,test_utils.d,565,20,6,0,2,1,0,0,0,0,0,0,0,0
core-cli,uda.d,10615,423,50,6,6,3,10,0,6,4,26,1,28,0
diff,classify.d,8108,215,30,40,9,6,0,0,9,0,9,9,12,0
diff,engine.d,13104,358,32,67,7,8,0,0,6,0,10,11,33,0
diff,identity.d,6886,198,26,35,4,3,0,0,4,0,4,5,7,0
diff,model.d,10490,265,24,107,3,3,7,0,2,0,5,6,8,0
diff,myers.d,16408,508,40,45,4,6,2,0,3,0,17,18,34,0
diff,normalize.d,9372,251,22,44,0,6,1,0,1,0,15,15,23,0
diff,package.d,1519,28,1,12,9,1,0,0,0,0,1,1,0,0
diff,pairing.d,8393,241,19,24,3,6,0,0,7,0,12,13,12,0
diff,patch.d,20474,578,31,41,8,7,0,0,5,0,18,16,28,0
diff,refine.d,13804,400,36,47,3,5,1,0,8,0,18,19,15,0
diff,stage.d,11921,320,41,45,14,4,0,0,4,0,10,4,16,0
diff,table.d,10485,300,31,41,3,4,0,0,4,0,13,13,26,0
dmd-fmt,bench.d,3958,130,18,6,9,8,1,0,0,0,4,0,8,0
dmd-fmt,cli.d,2704,99,9,3,4,0,0,0,0,0,0,0,0,0
dmd-fmt,config.d,11087,332,30,31,16,3,2,0,0,0,10,0,14,0
dmd-fmt,differential.d,6673,170,18,19,16,5,0,0,3,0,2,0,10,0
dmd-fmt,doc.d,23515,689,54,62,2,15,4,0,2,0,45,4,24,0
dmd-fmt,edits.d,6172,184,19,22,4,4,1,0,4,0,5,1,10,0
dmd-fmt,groups.d,23662,635,71,92,19,11,6,0,9,8,18,5,15,0
dmd-fmt,loc_inventory.d,11844,310,34,24,16,15,5,3,12,1,5,1,34,0
dmd-fmt,oracle.d,12868,328,38,58,13,11,1,1,2,7,6,3,20,0
dmd-fmt,printer.d,36562,1021,86,89,11,15,5,1,11,1,30,2,4,0
dmd-fmt,spine.d,26806,720,66,97,13,20,4,0,11,0,4,3,21,0
dmd-fmt,verify.d,13928,358,39,37,12,10,3,0,8,0,3,2,22,0
dmd-lsp,api.d,22108,607,91,99,35,3,11,0,2,0,6,5,7,0
dmd-lsp,cpreprocess.d,5413,134,20,24,11,1,0,0,0,0,1,0,0,0
dmd-lsp,ddoc.d,56328,1514,165,280,73,45,2,1,15,2,21,1,41,0
dmd-lsp,diag.d,4598,149,19,14,7,1,3,0,1,0,5,5,6,0
dmd-lsp,init_.d,12473,324,40,46,29,7,0,0,3,0,4,2,5,0
dmd-lsp,options.d,4601,123,22,19,22,3,1,0,1,0,4,0,6,0
dmd-lsp,project.d,46310,1302,173,163,76,23,4,0,3,0,37,3,63,0
dmd-lsp,signature.d,43072,1236,161,163,39,13,9,0,14,12,22,11,59,0
dmd-lsp,support.d,6243,269,38,22,1,4,1,3,2,0,1,0,14,0
dmd-lsp,testing.d,9988,279,34,32,23,20,3,0,3,1,0,0,3,0
dmd-lsp,visitor.d,137832,4189,467,328,82,24,14,28,21,11,2,5,32,4
docs,assets.d,10225,261,33,37,12,6,1,2,3,0,7,0,14,0
docs,breadcrumbs.d,21261,492,56,62,10,5,1,3,5,0,11,0,28,0
docs,fragment.d,17177,465,45,68,11,7,1,1,1,0,13,2,23,0
docs,options.d,11795,294,44,51,9,2,2,0,1,0,9,3,5,0
docs,package.d,1005,21,1,10,9,1,0,0,0,0,0,0,0,0
docs,page_shell.d,52121,1252,136,161,52,16,2,2,5,0,30,2,106,0
docs,sidebar.d,16309,467,53,47,16,7,2,0,2,1,12,0,23,0
docs,site.d,22870,646,71,69,17,8,4,0,3,0,24,1,40,0
docs,site_tree.d,16803,444,51,55,14,6,3,0,0,0,13,2,34,0
docs,source_set.d,25871,680,82,103,31,11,4,0,1,0,21,6,61,0
dsv,bench.d,1784,59,8,7,8,3,0,0,0,0,3,0,0,0
dsv,dialect.d,12924,360,32,84,3,10,3,0,4,0,18,18,27,0
dsv,model.d,17184,547,44,81,2,6,5,0,6,0,15,16,34,0
dsv,package.d,1327,24,1,13,4,1,0,0,0,0,1,1,0,0
dsv,parse.d,14500,447,39,36,8,19,0,0,0,1,21,19,69,0
dsv,project.d,13285,381,33,48,6,7,3,0,1,0,17,9,18,0
event-horizon,buffer.d,23048,687,92,77,14,6,8,0,2,0,20,35,36,0
event-horizon,capability.d,8849,278,37,36,4,2,9,0,13,9,4,4,12,0
event-horizon,cause.d,13906,397,49,56,6,4,5,0,3,0,10,20,18,0
event-horizon,channel.d,9905,329,39,31,8,5,3,0,1,0,7,9,16,0
event-horizon,clock.d,3177,103,15,13,3,0,2,0,2,0,3,3,0,0
event-horizon,concept.d,11318,304,32,34,6,1,5,0,18,1,1,9,0,0
event-horizon,effect.d,12830,410,57,42,16,5,12,0,2,1,4,0,19,0
event-horizon,errors.d,7155,193,23,32,3,5,4,0,2,1,10,9,18,0
event-horizon,forkserver.d,19833,568,71,62,13,5,6,0,6,0,6,6,39,0
event-horizon,fs.d,6642,194,26,25,12,2,3,0,3,0,1,0,12,0
event-horizon,group.d,13743,398,53,55,26,5,2,0,1,0,3,4,11,0
event-horizon,io.d,28211,868,122,109,43,11,6,0,1,0,14,8,65,0
event-horizon,iocp.d,31346,896,84,84,20,3,8,0,17,0,5,32,15,0
event-horizon,kqueue.d,60827,1589,161,280,31,14,5,0,26,0,8,41,75,0
event-horizon,live.d,37808,1070,149,117,53,13,7,0,8,0,17,18,57,0
event-horizon,loop.d,12901,397,41,55,18,8,3,0,3,0,0,2,2,0
event-horizon,loop.d,43808,1339,170,141,46,14,8,0,3,0,17,31,80,0
event-horizon,net.d,10436,335,37,31,5,1,8,0,3,0,10,5,11,0
event-horizon,op.d,19487,618,80,110,10,6,28,1,25,0,14,19,33,0
event-horizon,package.d,1823,51,4,2,32,0,0,0,0,0,0,0,0,0
event-horizon,perf.d,9117,250,27,23,5,0,4,0,0,0,11,9,1,0
event-horizon,pool.d,8759,260,39,36,19,2,0,0,2,0,0,0,2,0
event-horizon,pool.d,28371,751,78,158,25,4,2,2,6,0,4,7,4,0
event-horizon,probe.d,12135,315,36,34,7,4,2,0,4,0,6,9,16,0
event-horizon,proc.d,7206,192,28,27,2,2,6,0,3,0,7,6,12,0
event-horizon,raw_pool.d,18456,598,57,38,11,4,9,2,5,0,10,25,32,0
event-horizon,sched.d,26670,772,84,103,17,8,3,1,1,0,20,17,32,0
event-horizon,schedule.d,15510,526,75,50,14,2,18,0,4,2,11,11,7,0
event-horizon,scope_.d,22914,727,73,82,24,13,3,0,2,4,13,5,43,0
event-horizon,select.d,1672,42,3,7,5,0,0,0,0,0,0,0,0,0
event-horizon,signals.d,3467,117,17,8,11,2,1,0,0,0,2,3,3,0
event-horizon,testing.d,11513,356,44,31,24,3,2,1,0,0,9,7,23,0
event-horizon,uring.d,28620,763,70,99,16,6,1,0,1,0,27,44,21,0
event-horizon,watch.d,5517,184,30,15,16,2,2,0,1,0,3,5,8,0
fuzzy,allocation_audit.d,5176,130,13,8,10,2,0,0,0,0,1,7,12,0
fuzzy,common.d,9416,288,29,17,3,2,7,0,16,0,12,12,13,0
fuzzy,glob.d,25909,715,46,24,4,4,6,6,1,0,25,26,23,0
fuzzy,history.d,15335,477,35,17,1,3,4,0,4,0,26,26,21,0
fuzzy,match.d,43912,1173,84,49,6,9,7,1,14,0,35,35,37,0
fuzzy,package.d,468,15,2,2,7,0,0,0,0,0,0,0,0,0
fuzzy,query.d,49813,1469,110,56,5,12,11,1,2,0,68,73,56,0
fuzzy,rank.d,19949,608,46,21,4,4,4,1,1,0,26,25,23,0
fuzzy,search.d,16873,452,37,28,12,5,5,1,1,0,14,13,12,0
ghostty,package.d,329,8,1,5,3,0,0,0,0,0,0,0,0,0
http,message.d,10700,346,33,23,2,4,3,0,6,0,17,18,17,0
http,package.d,250,12,2,2,2,0,0,0,0,0,0,0,0,0
http,server.d,6856,197,27,24,8,1,1,0,0,0,8,3,1,0
input,capability.d,6892,157,29,39,1,1,1,0,5,0,3,3,15,0
input,events.d,17195,473,64,92,3,7,10,0,7,0,11,14,36,0
input,frame.d,17626,461,59,71,5,10,2,0,2,0,10,11,43,0
input,gesture.d,18134,554,53,71,2,7,3,0,0,0,9,10,20,0
input,metrics.d,1862,51,9,7,1,1,1,0,0,0,1,4,3,0
input,package.d,971,22,2,2,7,0,0,0,0,0,0,0,0,0
input,pointer.d,458,11,2,2,2,0,0,0,1,0,0,0,0,0
input,tier.d,2780,59,6,12,1,1,0,0,1,0,2,2,7,0
math,package.d,117,3,1,0,1,0,0,0,0,0,0,0,0,0
math,vector.d,10132,393,56,33,4,10,1,0,8,2,14,12,33,0
raylib-text,atlas.d,2340,49,3,15,1,1,0,0,0,0,2,0,5,0
raylib-text,box.d,7964,159,12,32,2,1,1,0,1,0,2,4,7,0
raylib-text,draw.d,7089,161,14,40,9,1,0,0,0,0,0,2,0,0
raylib-text,font.d,6330,155,13,31,6,1,1,0,0,0,4,5,8,0
raylib-text,font_coretext.d,42008,1148,149,125,10,13,3,0,10,0,24,13,38,0
raylib-text,font_discovery.d,16799,419,46,74,32,7,1,0,1,0,11,0,19,0
raylib-text,font_fontconfig.d,3846,100,13,23,2,2,0,0,1,0,4,0,4,0
raylib-text,font_set.d,35022,787,73,151,26,0,4,0,1,0,8,16,0,0
raylib-text,metrics.d,3279,97,12,18,2,3,0,0,0,0,1,6,17,0
raylib-text,metrics_dpi.d,4358,100,16,22,0,2,1,0,0,0,3,3,8,0
raylib-text,package.d,1728,33,3,4,11,0,0,0,0,0,0,0,0,0
raylib-text,style.d,1099,32,5,7,0,1,1,0,4,0,1,2,3,0
source-view,code.d,26039,677,65,71,38,6,3,0,1,0,8,1,27,0
source-view,goldens.d,6945,180,23,16,21,3,0,0,1,0,0,0,2,0
source-view,markdown.d,129561,3151,260,514,79,24,13,0,7,0,53,10,59,0
source-view,package.d,433,11,2,2,2,0,0,0,0,0,0,0,0,0
syntax,ansi.d,14879,405,49,62,15,8,1,0,10,0,10,5,4,0
syntax,color.d,1164,32,3,2,1,0,0,0,0,0,0,0,0,0
syntax,config.d,7002,151,16,20,6,0,1,0,0,0,4,3,0,0
syntax,coverage.d,8842,218,21,39,17,2,1,0,0,0,6,2,3,0
syntax,event.d,16696,540,69,48,2,13,7,0,3,0,23,22,44,0
syntax,folds.d,5838,157,17,25,7,1,0,0,0,0,0,0,5,0
syntax,highlighter.d,42248,1154,152,118,39,22,6,0,2,0,2,4,55,0
syntax,html.d,21011,640,67,44,16,11,3,2,1,0,15,5,11,0
syntax,injection.d,10978,279,34,29,9,1,2,0,0,1,3,2,9,0
syntax,label.d,17179,456,46,58,8,7,2,0,0,0,14,11,37,0
syntax,model.d,38445,1029,79,114,10,14,8,0,4,0,9,5,58,0
syntax,package.d,1033,23,4,3,6,1,0,0,0,0,0,0,0,0
syntax,package.d,1147,28,4,2,10,1,0,0,0,0,0,0,0,0
syntax,predicates.d,11298,323,34,28,4,0,4,0,1,0,1,1,0,0
syntax,registry.d,24071,610,67,82,25,10,1,3,0,1,20,6,87,0
syntax,render_html.d,22471,623,62,51,15,13,1,2,0,1,7,10,27,0
syntax,theme.d,8695,231,32,26,10,5,3,0,0,0,3,7,15,0
syntax,themes.d,7054,112,6,4,5,1,0,0,0,0,1,0,1,0
terminal-view,cell_paint.d,8411,209,25,27,8,1,0,0,0,0,3,3,10,0
terminal-view,child_env.d,2907,78,7,21,3,1,0,0,0,0,2,2,10,0
terminal-view,component.d,52655,1274,129,205,40,2,4,0,3,0,6,20,14,0
terminal-view,core.d,36772,826,113,150,15,1,3,0,6,0,1,19,6,0
terminal-view,event_map.d,12451,337,35,38,5,6,0,0,0,0,10,16,31,0
terminal-view,input.d,43008,973,106,102,16,9,5,0,1,0,14,29,58,0
terminal-view,osc_query.d,7037,229,15,29,1,9,1,0,1,0,11,11,25,0
terminal-view,package.d,931,21,3,2,7,0,0,0,0,0,0,0,0,0
terminal-view,posix_util.d,3249,92,12,31,6,0,2,0,1,0,3,6,0,0
test-runner,attributes.d,5965,138,8,94,4,12,5,0,1,0,4,2,1,0
test-runner,discovery.d,9753,269,23,49,4,13,1,0,7,3,5,4,24,0
test-runner,register.d,2633,76,12,19,9,3,0,0,2,2,0,0,1,0
test-runner-impl,bench.d,56075,1489,159,295,52,35,11,0,2,0,41,14,107,0
test-runner-impl,bench_json.d,30268,846,70,75,49,13,1,0,0,0,10,1,77,0
test-runner-impl,cache_regime.d,20844,551,54,108,25,4,3,0,9,0,8,6,36,0
test-runner-impl,capability.d,14826,389,35,75,4,8,8,1,6,1,19,16,30,0
test-runner-impl,ctfe_trace.d,5740,173,21,26,7,16,2,0,3,0,6,0,4,0
test-runner-impl,driver.d,28135,732,79,123,55,27,3,1,2,3,14,0,12,0
test-runner-impl,event_naming.d,13501,348,36,63,15,2,3,0,8,0,13,9,12,0
test-runner-impl,execution.d,5219,174,21,26,6,5,0,1,0,0,0,0,17,0
test-runner-impl,extract.d,20953,521,58,102,33,22,2,0,9,4,23,4,36,0
test-runner-impl,filter.d,1277,35,5,6,2,2,0,0,0,0,2,0,5,0
test-runner-impl,macos_trace.d,6780,173,19,40,6,3,0,2,2,0,0,2,5,0
test-runner-impl,metrics.d,43798,1081,118,188,60,21,4,1,7,0,51,4,79,0
test-runner-impl,model.d,3113,109,17,30,2,7,5,0,0,0,3,3,2,0
test-runner-impl,package.d,653,14,1,9,3,2,0,0,0,0,0,0,0,0
test-runner-impl,perf.d,46929,1173,109,223,28,11,12,0,2,0,46,28,50,0
test-runner-impl,perf_group.d,15691,356,33,87,5,5,2,0,1,0,16,12,27,0
test-runner-impl,psi.d,12290,312,25,66,5,4,3,0,0,0,11,7,29,0
test-runner-impl,raw.d,16131,440,49,68,11,3,6,0,3,0,29,15,23,0
test-runner-impl,rdpmc.d,11124,299,26,52,19,2,2,0,1,0,6,12,5,0
test-runner-impl,reporting.d,87095,2254,231,345,110,45,5,1,7,1,55,11,126,0
test-runner-impl,runner_impl.d,61209,1480,137,236,100,20,3,0,6,0,5,3,18,0
test-runner-impl,skip.d,2187,57,5,24,1,1,0,2,0,0,3,4,3,0
test-runner-impl,snippet.d,5552,163,20,17,15,1,0,0,1,0,1,0,8,0
test-runner-impl,syscalls.d,16988,473,55,65,18,4,5,0,1,0,29,13,22,0
test-runner-impl,tier0.d,32195,781,70,161,26,9,6,0,1,0,34,27,42,0
test-runner-impl,workload.d,71540,1863,185,286,70,29,10,0,2,1,28,11,133,0
test-utils,diff_tools.d,2010,64,10,0,6,1,0,0,1,0,4,0,6,0
test-utils,package.d,171,4,1,0,2,0,0,0,0,0,0,0,0,0
test-utils,string.d,1464,50,7,1,8,1,0,0,0,0,1,0,1,0
test-utils,tmpfs.d,2144,109,25,2,6,2,1,0,1,0,1,1,7,0
tree-sitter,errors.d,5336,136,16,13,5,2,1,0,1,0,7,7,6,0
tree-sitter,loader.d,4540,126,17,8,9,3,1,0,0,0,0,3,7,0
tree-sitter,package.d,745,19,3,2,4,1,0,0,0,0,0,0,0,0
tree-sitter,wrappers.d,28678,822,117,120,14,8,8,0,0,0,9,55,60,0
tui,app.d,2343,59,8,9,4,0,0,0,0,0,0,0,0,0
tui,calibration.d,10511,352,35,13,9,2,6,0,3,0,8,3,3,0
tui,cell.d,13769,392,36,51,6,2,2,0,5,0,25,20,8,0
tui,cell.d,13648,369,44,65,6,5,2,0,0,0,28,17,18,0
tui,cell_grid.d,2828,92,8,6,4,0,1,0,1,0,2,0,0,0
tui,fingerprint.d,2555,90,11,2,1,1,0,0,0,0,6,5,3,0
tui,geometry.d,1337,36,7,2,2,2,0,0,0,0,1,1,2,0
tui,input.d,18879,467,44,63,10,5,2,0,4,0,8,10,27,0
tui,integration.d,8407,231,33,33,13,4,3,0,1,0,1,1,18,0
tui,line_diff.d,2742,94,10,5,4,0,1,0,1,0,3,0,0,0
tui,line_diff_lazy.d,1972,62,8,5,3,0,1,0,1,0,2,0,0,0
tui,model.d,5208,163,22,21,2,1,1,0,1,0,7,5,5,0
tui,package.d,1123,26,4,4,6,0,0,0,0,0,0,0,0,0
tui,reference_fullpaint.d,1889,60,10,5,5,1,1,0,1,0,3,0,4,0
tui,render.d,13829,370,37,60,15,4,1,0,0,0,6,0,17,0
tui,render_util.d,1768,51,5,6,3,0,0,0,0,0,3,0,0,0
tui,replay.d,1845,42,4,5,5,0,0,0,0,0,0,0,0,0
tui,runner.d,6457,193,23,11,15,2,2,0,1,0,1,0,1,0
tui,scenario.d,7680,206,26,16,1,2,3,0,5,0,6,3,4,0
tui,scene.d,9113,243,24,10,5,1,0,0,8,0,11,2,3,0
tui,sink.d,3164,115,14,12,0,1,1,0,0,0,9,4,6,0
tui,terminal.d,7979,227,32,31,14,1,2,0,0,0,5,7,3,0
tui,vt_oracle.d,9414,276,34,27,10,1,3,0,1,0,7,7,2,0
twoslash,icons.d,4110,104,10,13,0,0,0,0,12,0,5,5,0,0
twoslash,overlay.d,12342,320,36,43,7,7,3,0,1,0,9,7,34,0
twoslash,package.d,1544,32,4,2,7,1,0,1,0,0,0,0,0,0
twoslash,render_ansi.d,18393,504,48,46,15,9,1,0,6,0,6,1,12,0
twoslash,render_html.d,36328,885,82,127,27,17,1,6,1,0,7,5,27,0
twoslash,render_widgets.d,77254,1790,197,271,77,26,3,0,11,2,43,17,69,0
twoslash,signature_layout.d,22283,629,70,83,6,11,3,0,12,4,16,5,20,0
twoslash,style.d,8539,223,25,27,13,3,1,0,1,0,5,0,27,0
twoslash-d,01-hover.d,155,7,1,3,0,0,0,0,0,0,0,0,0,0
twoslash-d,02-inference.d,196,11,1,2,2,0,0,0,0,0,0,0,0,0
twoslash-d,03-errors.d,110,7,0,2,0,0,0,0,0,0,0,0,0,0
twoslash-d,04-tags.d,159,5,0,2,0,0,0,0,2,0,0,0,0,0
twoslash-d,05-completions.d,463,13,1,8,0,0,0,0,2,0,0,0,0,0
twoslash-d,06-highlights.d,174,9,1,5,0,0,1,0,0,0,0,0,0,0
twoslash-d,07-multi-file.d,278,12,2,5,1,0,0,0,1,0,0,0,0,0
twoslash-d,08-cut-variants.d,292,12,1,6,1,1,0,0,0,0,0,0,1,0
twoslash-d,09-noerrors-dflags.d,307,13,1,6,0,0,0,0,0,0,1,0,0,0
twoslash-d,10-custom-tags.d,299,11,0,6,0,0,0,0,4,0,0,0,0,0
twoslash-d,11-computed-enums.d,305,13,1,4,0,0,0,0,2,0,0,0,0,0
twoslash-d,12-alias-chains.d,198,13,3,4,0,0,1,0,0,0,0,0,0,0
twoslash-d,13-aliasseq.d,260,13,3,4,1,0,1,0,1,0,0,0,0,0
twoslash-d,14-imports.d,213,9,1,3,2,0,0,0,2,0,0,0,0,0
twoslash-d,15-templates-ifti.d,556,13,1,8,0,0,0,0,0,0,0,0,0,0
twoslash-d,16-template-constraints.d,236,11,1,4,1,0,0,0,0,0,0,0,0,0
twoslash-d,17-voldemort-ranges.d,275,12,1,3,2,0,0,0,0,0,0,0,0,0
twoslash-d,18-ctfe-static.d,369,15,1,4,0,0,0,0,1,0,0,0,0,0
twoslash-d,19-ufcs-chain.d,363,14,0,5,2,0,0,0,0,0,0,0,0,0
twoslash-d,20-delegates-funcptrs.d,341,18,2,4,0,0,0,0,0,0,0,0,0,0
twoslash-d,21-aggregates.d,426,18,1,4,0,0,1,1,0,0,0,0,0,0
twoslash-d,22-qualifiers.d,366,16,2,7,0,0,0,0,0,0,0,0,0,0
twoslash-d,23-operator-overloading.d,362,16,2,5,0,0,1,0,0,0,0,0,0,0
twoslash-d,24-deprecated.d,229,15,2,5,0,0,0,0,0,0,0,0,0,0
twoslash-d,25-dip1000-scope.d,240,11,0,5,0,0,0,0,0,0,1,0,0,0
twoslash-d,26-betterc.d,273,14,1,5,0,0,0,0,0,0,0,0,0,0
twoslash-d,27-mixin-staticif.d,367,16,2,4,0,0,1,0,0,1,0,0,0,0
twoslash-d,28-traits.d,325,18,3,4,1,0,1,0,1,0,0,0,0,0
twoslash-d,29-ddoc-sections.d,494,17,2,3,0,0,0,0,0,0,0,0,0,0
twoslash-d,30-ddoc-params.d,598,18,1,6,0,0,0,0,0,0,0,0,0,0
twoslash-d,31-ddoc-macros.d,395,15,2,3,0,0,0,0,0,0,0,0,0,0
twoslash-d,32-ddoc-fences.d,310,17,2,3,0,0,0,0,0,0,0,0,0,0
twoslash-d,33-ddoc-markdown.d,512,28,6,3,0,0,0,0,1,0,0,0,0,0
twoslash-d,34-ddoc-escapes.d,509,14,1,3,0,0,0,0,0,0,0,0,0,0
twoslash-d,35-ddoc-ditto.d,311,15,2,6,0,0,0,0,0,0,0,0,0,0
twoslash-d,36-ddoc-unittest-examples.d,534,26,3,9,0,4,0,0,0,0,0,0,2,0
twoslash-d,analyze.d,32770,915,105,118,22,12,4,0,1,0,18,7,35,0
twoslash-d,emit.d,2980,79,12,10,7,1,0,0,1,0,1,1,5,0
twoslash-d,notation.d,21596,614,61,66,12,13,10,0,2,0,24,4,54,0
twoslash-protocol,ingest.d,13133,325,38,49,13,9,1,0,1,0,2,1,43,0
twoslash-protocol,protocol.d,10053,244,29,74,1,3,10,0,1,1,6,5,6,0
ui,box.d,63578,1657,196,287,103,48,7,0,1,0,1,2,81,0
ui,canvas.d,10986,292,31,35,6,2,4,0,4,0,11,7,17,0
ui,cells.d,27013,696,70,98,25,8,3,0,1,0,9,7,33,0
ui,chrome.d,29906,758,60,126,22,11,3,0,2,0,11,0,44,0
ui,demo.d,1877,77,11,22,2,2,2,0,0,0,3,2,4,0
ui,display_list.d,22418,525,58,51,45,9,0,0,0,0,12,5,51,0
ui,dock.d,121798,3123,262,449,9,35,12,0,29,0,43,55,240,0
ui,focus.d,10133,295,36,44,5,3,4,0,3,0,8,8,18,0
ui,geometry.d,10517,294,41,48,1,6,5,0,2,0,11,11,33,0
ui,grid.d,12354,337,32,44,7,2,6,0,2,0,7,1,15,0
ui,gutter.d,31800,796,102,117,22,9,4,0,6,0,14,6,45,0
ui,header.d,7688,233,30,48,13,8,1,0,1,0,1,0,12,0
ui,html.d,24277,648,48,92,29,4,0,0,0,0,6,0,17,0
ui,html_semantic.d,10257,315,29,20,15,2,0,0,0,0,3,0,8,0
ui,immediate.d,8758,237,17,20,18,4,0,0,0,0,6,3,17,0
ui,inspector.d,20299,542,62,50,21,6,4,0,0,0,12,0,27,0
ui,keymap.d,32087,870,96,110,6,14,9,0,20,1,20,20,29,0
ui,lantern.d,15525,447,52,74,7,11,2,0,3,0,17,17,40,0
ui,lantern_view.d,23134,641,63,104,9,5,3,0,2,0,13,9,24,0
ui,layout.d,39603,1053,101,104,29,16,3,0,1,0,18,5,49,0
ui,layout.d,4415,143,15,16,12,4,0,0,0,0,7,1,9,0
ui,layout.d,41640,973,77,188,8,9,8,0,5,0,34,14,25,0
ui,live.d,8456,296,36,25,6,7,2,0,0,0,1,1,10,0
ui,meter.d,5249,156,22,25,9,4,2,0,0,0,7,4,11,0
ui,meter_model.d,3458,106,13,10,0,4,1,0,0,0,5,5,9,0
ui,osc_link.d,5465,172,28,25,7,13,1,0,1,0,13,0,14,0
ui,package.d,1165,22,2,1,3,1,0,0,0,0,0,0,0,0
ui,package.d,1367,31,2,2,15,0,0,0,0,0,1,0,0,0
ui,progress.d,3985,118,20,11,13,4,1,0,1,0,5,6,3,0
ui,property_tree.d,115511,3187,279,322,15,28,35,0,31,4,131,27,221,0
ui,property_tree_showif.d,1057,24,3,5,1,0,0,0,0,0,0,0,0,0
ui,property_view.d,17984,519,48,33,14,3,4,0,2,0,6,1,15,0
ui,render.d,64866,1790,182,252,65,56,10,0,3,0,18,10,82,0
ui,scroll_view.d,22566,608,64,87,5,10,8,0,2,0,11,19,49,0
ui,state.d,71487,1892,239,272,29,26,19,0,4,0,40,31,145,0
ui,style.d,31551,707,77,139,6,10,7,0,5,0,10,13,37,0
ui,tasklist.d,14633,428,58,59,24,7,3,0,2,1,7,1,23,0
ui,test_utils.d,1009,29,7,3,2,1,0,0,0,0,0,0,0,0
ui,theme.d,8751,248,28,34,7,5,2,0,2,0,6,10,16,0
ui,theme.d,11180,237,26,57,3,2,3,0,0,0,4,5,14,0
ui,themes.d,107681,1576,40,40,2,0,0,0,0,0,1,0,0,0
ui,tracks.d,9803,280,26,30,3,5,2,0,2,0,7,2,9,0
ui,tree.d,4181,126,12,17,1,3,2,0,0,0,5,1,4,0
ui,tree_model.d,5129,153,15,16,1,4,1,0,0,0,5,0,13,0
ui,tree_view.d,33793,921,95,120,12,14,2,0,2,0,18,19,79,0
ui,tree_widget.d,17140,456,45,64,10,8,6,0,1,0,9,1,19,0
ui,widget.d,9653,235,25,51,6,1,3,1,3,0,3,2,7,0
ui,widgets.d,53896,1379,105,150,32,15,6,0,1,0,20,4,55,0
ui,wrap.d,22437,620,57,99,8,12,4,0,3,0,18,9,29,0
ui-app,backend.d,9006,240,36,44,1,4,1,0,3,0,5,7,18,0
ui-app,display.d,16401,463,69,82,9,3,3,0,4,0,4,7,20,0
ui-app,event_source.d,10563,327,34,36,13,6,1,0,1,0,7,1,17,0
ui-app,gui_loop.d,13840,338,55,74,21,1,1,0,0,1,3,3,5,0
ui-app,gui_options.d,17271,423,61,95,7,6,8,0,7,1,9,3,28,0
ui-app,gui_setup.d,8062,204,31,48,5,1,2,0,1,0,3,3,4,0
ui-app,host.d,19688,511,83,83,21,6,5,0,6,5,24,20,18,0
ui-app,package.d,1826,51,9,5,10,0,0,0,0,0,0,0,0,0
ui-app,record.d,17495,482,63,92,14,13,2,0,0,0,15,4,38,0
ui-app,run.d,11550,321,42,44,8,6,1,0,6,0,7,7,18,0
ui-app,run_app.d,20446,587,83,71,27,11,11,0,3,0,12,1,31,0
ui-app,tui_loop.d,18427,459,64,91,26,1,1,0,2,2,8,8,5,0
ui-raylib,events.d,20869,491,42,85,5,2,2,0,0,0,7,5,16,0
ui-raylib,package.d,651,14,1,2,3,0,0,0,0,0,0,0,0,0
ui-raylib,raylib_canvas.d,28460,692,73,127,11,6,3,0,4,0,17,20,34,0
ui-raylib,window.d,12838,326,48,76,8,0,3,0,0,0,2,3,0,0
ui-sdl3,commands.d,158,4,1,1,2,0,0,0,0,0,0,0,0,0
ui-sdl3,error.d,2524,76,16,11,3,2,0,0,0,0,4,0,7,0
ui-sdl3,events.d,33461,868,119,142,4,18,3,0,6,0,19,15,72,0
ui-sdl3,frame.d,161,4,1,1,2,0,0,0,0,0,0,0,0,0
ui-sdl3,package.d,1710,33,4,2,8,0,0,0,0,0,0,0,0,0
ui-sdl3,swapchain.d,157,4,1,1,2,0,0,0,0,0,0,0,0,0
ui-sdl3,vulkan_context.d,16089,419,64,60,9,2,3,0,0,0,5,2,5,0
ui-sdl3,window.d,8991,274,40,33,4,4,3,0,1,0,7,5,12,0
ui-tui,grid_canvas.d,32881,835,80,135,32,8,1,0,1,0,10,3,20,0
ui-tui,package.d,2716,60,11,4,6,0,0,0,0,0,0,0,0,0
ui-tui,session.d,5283,142,26,25,5,1,3,0,0,0,2,2,0,0
versions,any.d,7149,211,34,32,20,6,2,0,0,0,8,2,13,0
versions,calver_yymm.d,4665,140,30,17,9,3,1,0,4,0,11,9,7,0
versions,calver_yyyymmdd.d,4726,141,29,16,10,3,1,0,4,0,11,9,7,0
versions,deb.d,13821,441,62,50,14,12,1,0,2,0,19,5,37,0
versions,dmd.d,5973,198,34,19,13,5,1,0,3,0,13,12,8,0
versions,dmd_compact.d,8090,265,43,25,10,3,1,0,4,0,12,10,7,0
versions,generic.d,3375,108,23,16,9,2,1,0,1,0,6,6,5,0
versions,maven.d,20628,652,88,91,19,16,2,0,3,0,32,8,45,0
versions,operations.d,13010,380,41,63,8,11,1,0,3,1,25,9,35,0
versions,package.d,1229,31,5,2,10,1,1,0,0,0,0,0,0,0
versions,package.d,2023,47,6,2,12,0,2,0,0,0,0,0,0,0
versions,parsing.d,1606,59,9,9,1,2,0,0,1,0,2,2,5,0
versions,purl.d,25185,799,108,83,19,19,4,0,2,0,32,9,79,0
versions,pypi.d,28914,956,122,110,16,14,2,2,5,0,38,14,61,0
versions,ranges.d,25417,765,96,125,6,19,4,0,1,1,49,4,57,0
versions,registry.d,8512,211,29,37,13,5,3,0,5,1,5,5,21,0
versions,semver.d,42934,1325,182,173,31,17,4,0,17,2,46,23,53,0
versions,testing.d,2822,100,12,14,4,2,0,0,0,0,7,3,0,0
versions,tiny.d,4208,141,30,13,11,4,1,0,3,0,12,10,8,0
versions,traits.d,11549,306,41,67,7,8,2,0,17,4,11,10,22,0
versions,vers.d,35551,1052,143,135,22,22,5,0,2,1,43,5,90,0
versions,vers_roundtrip_test.d,13621,384,48,70,21,9,0,0,0,0,13,0,0,0
versions,vim.d,4726,140,30,18,10,3,1,0,4,0,11,9,7,0
vulkan,api.d,5248,136,23,21,5,4,1,0,6,0,10,9,16,0
vulkan,dispatch.d,19969,506,48,80,2,6,4,0,13,1,11,12,37,0
vulkan,enumerate.d,4115,131,19,18,2,3,0,0,0,0,0,0,5,0
vulkan,extensions.d,9459,225,34,39,6,5,1,0,3,0,8,9,18,0
vulkan,flags.d,6357,166,23,24,3,4,2,0,5,2,5,0,9,0
vulkan,loader.d,6806,183,27,26,9,2,0,0,4,0,1,1,9,0
vulkan,names.d,7313,158,25,25,4,5,0,0,3,1,9,9,19,0
vulkan,package.d,2812,56,5,2,11,0,0,0,1,0,0,0,0,0
vulkan,platform.d,1846,52,7,4,1,0,2,0,0,0,0,3,0,0
vulkan,result.d,9396,221,31,27,3,4,0,0,0,0,11,11,25,0
vulkan,structure_type.d,7149,162,21,17,2,3,2,1,2,1,8,6,25,0
vulkan-wsi,commands.d,5008,135,23,14,4,2,1,0,0,0,0,0,2,0
vulkan-wsi,conformance.d,5152,141,16,14,8,0,0,0,1,0,0,1,18,0
vulkan-wsi,context.d,13258,358,47,3,7,2,3,0,0,0,2,3,4,0
vulkan-wsi,error.d,2412,90,16,4,4,0,2,0,2,0,1,4,2,0
vulkan-wsi,frame.d,23343,623,96,74,4,8,2,0,1,0,15,13,23,0
vulkan-wsi,package.d,409,10,1,1,7,0,0,0,0,0,0,0,0,0
vulkan-wsi,surface.d,9008,215,19,4,3,1,1,0,0,0,1,7,8,0
vulkan-wsi,swapchain.d,26031,644,94,74,5,8,1,0,3,0,18,17,37,0
vulkan-wsi,triangle.d,21673,572,73,56,6,2,2,0,1,0,2,2,7,0
wired,allocator.d,2255,58,7,11,0,1,0,0,3,0,0,1,1,0
wired,asdf_json.d,3309,128,17,10,6,1,1,0,2,0,1,1,5,0
wired,codec.d,70294,2169,246,164,60,33,30,0,27,2,32,7,146,0
wired,conformance.d,5232,163,18,5,11,3,0,0,0,0,0,0,4,0
wired,data.d,6890,192,19,18,8,3,2,0,1,0,9,0,8,0
wired,document.d,19194,577,80,75,8,7,8,0,3,0,15,32,44,0
wired,error.d,13853,453,51,48,11,6,2,0,1,0,13,14,10,0
wired,fingerprint.d,5667,166,14,10,3,2,1,0,0,0,8,3,11,0
wired,jsoniopipe_json.d,3959,134,17,16,5,1,1,0,2,0,0,0,5,0
wired,mir_ion.d,3118,115,16,10,6,1,2,0,1,0,1,2,5,0
wired,package.d,308,9,1,2,1,0,0,0,0,0,0,0,0,0
wired,package.d,409,13,2,2,4,0,0,0,0,0,0,0,0,0
wired,package.d,450,13,3,2,2,0,0,0,0,0,0,0,0,0
wired,package.d,3993,121,21,17,16,0,0,0,0,0,0,0,0,0
wired,package.d,381,9,1,2,1,0,0,0,0,0,0,0,0,0
wired,policy.d,35560,912,109,146,5,9,33,0,53,16,16,6,78,0
wired,rapidjson_json.d,2396,84,14,9,4,0,1,0,2,0,0,0,0,0
wired,reader.d,74977,2246,130,261,12,14,5,0,9,0,25,31,117,0
wired,runner.d,18049,539,40,55,20,7,1,0,3,0,6,0,0,0
wired,rust_engines.d,4300,122,18,19,5,0,1,0,2,1,0,0,0,0
wired,scan.d,16591,433,33,85,6,4,1,0,5,0,6,8,33,0
wired,shim_support.d,1930,61,7,7,4,0,0,0,0,0,2,2,0,0
wired,simdjson_dom.d,1856,70,12,7,4,0,1,0,1,0,0,0,0,0
wired,simdjson_ondemand.d,2661,85,13,12,5,0,1,0,2,0,1,1,0,0
wired,std_json.d,2380,86,15,14,3,1,1,0,1,0,7,2,2,0
wired,traits.d,4253,127,18,21,2,3,5,0,14,0,3,0,9,0
wired,twitter.d,4862,151,18,11,6,1,4,0,1,0,6,1,7,0
wired,wired_inline.d,5589,167,22,18,4,2,1,0,3,0,6,0,2,0
wired,wired_inline_impl.d,144789,4156,341,588,22,1,16,0,18,3,61,96,7,0
wired,wired_native.d,4520,159,19,20,7,1,1,0,1,0,9,1,5,0
wired,writer.d,27883,852,88,82,21,10,6,0,8,3,20,16,24,0
wired,yyjson_json.d,6484,217,26,17,5,1,1,0,1,0,1,1,6,0
wsi,appkit.d,42841,1240,125,53,11,3,7,13,11,0,8,14,22,0
wsi,conformance.d,23990,619,39,96,9,1,3,0,9,0,1,2,28,0
wsi,events.d,8921,370,40,12,5,4,27,0,10,0,7,7,16,0
wsi,handles.d,1377,60,11,1,2,1,9,0,0,0,1,0,2,0
wsi,loop.d,9507,291,40,13,4,3,3,0,0,0,1,11,19,0
wsi,package.d,797,24,3,2,10,0,0,0,0,0,0,0,0,0
wsi,select.d,2233,64,7,1,1,2,1,0,0,0,1,1,5,0
wsi,types.d,6305,266,40,21,4,3,13,0,6,0,1,15,12,0
wsi,wayland.d,70839,1908,168,55,19,0,4,0,6,0,2,66,0,0
wsi,win32.d,39814,1087,81,50,11,0,2,0,11,0,0,8,0,0
wsi,x11.d,40347,1062,66,43,16,3,3,0,3,0,11,16,25,0
